{
  "AUC": 0.5189122982076435,
  "MRR": 0.2713789772730515,
  "nDCG@5": 0.1751033283509196,
  "nDCG@10": 0.19236093829499587
}