{
  "AUC": 0.5651367702421642,
  "MRR": 0.2655560372846842,
  "nDCG@5": 0.27207422429024486,
  "nDCG@10": 0.3263075155867986
}