{
  "AUC": 0.5015847317086882,
  "MRR": 0.266990872911372,
  "nDCG@5": 0.16960351462663306,
  "nDCG@10": 0.18226682770910124
}